PRIMARY_NAICS_CODE,PRIMARY_NAICS_TITLE,GWht_TOTAL,Indirect Uses-Boiler Fuel,Conventional Boiler Use,CHP and/or Cogeneration Process,Direct Uses-Total Process,Process Heating,Process Cooling and Refrigeration,Machine Drive,Electro-Chemical Processes,Other Process Use,Direct Uses-Total Nonprocess,Facility HVAC (g),Facility Lighting,Other Facility Support,Onsite Transportation,Conventional Electricity Generation,Other Nonprocess Use
311111,Dog and Cat Food Manufacturing,258.6764925,151.0453645,74.16598736,76.87937714,85.01954648,79.14053529,0.90446326,1.808926521,0,3.165621412,22.61158151,14.9236438,0,7.235706084,0,0,0.45223163
311119,Other Animal Food Manufacturing,1024.005721,597.8880179,293.5712829,304.3167349,336.5635521,313.268663,3.592278505,7.160147618,0,12.54246303,89.55415107,59.07121785,0,28.64059047,0.02615292,0.010461168,1.805728657
311211,Flour Milling,104.9930649,61.24595454,33.24780389,27.99815065,40.24734156,38.49745714,0,0.874942208,0,0.874942208,3.499768831,2.624826623,0,0.874942208,0,0,0
311213,Malt Manufacturing,1023.996443,591.866911,321.2991802,270.5677307,388.9411129,372.0306298,0,8.455241586,0,8.455241586,33.82096634,25.36572476,0,8.455241586,0,0,0
311221,Wet Corn Milling,63206.8032,48205.37242,10738.28575,37467.08667,14213.99218,14213.99218,0,0,0,0,0,0,0,0,0,0,0
311222,Soybean Processing,13500.60724,9039.954921,3575.475003,5464.479918,4082.325669,3891.907493,0,84.59150306,0,105.8266729,359.6011821,253.7745092,0,84.59150306,0,21.23516982,0
311223,Other Oilseed Processing,233.8685383,133.7997666,72.63415901,61.16560759,87.92556091,84.10271044,0,1.911425237,0,1.911425237,7.645700949,5.734275712,0,1.911425237,0,0,0
311225,Fats and Oils Refining and Blending,1155.894491,789.8608329,303.0582987,486.8025342,335.193781,318.9554691,0,6.751749065,0,9.486562844,29.74181004,20.25524719,0,6.751749065,0,2.734813779,0
311230,Breakfast Cereal Manufacturing,1733.426448,1008.051261,545.2796905,462.7715703,660.0754149,631.3764838,0,14.34946554,0,14.34946554,57.39786216,43.04839662,0,14.34946554,0,0,0
311312,Cane Sugar Refining,7058.358958,2499.785494,576.2453613,1923.540133,609.3208693,609.3208693,0,0,0,0,0,0,0,0,0,0,0
311313,Beet Sugar Manufacturing,13575.32461,11031.2393,1305.529834,9725.709467,2342.005676,2342.005676,0,0,0,0,0,0,0,0,0,0,0
311330,Confectionery Manufacturing from Purchased Chocolate,207.8237217,121.3516137,59.58582229,61.7657914,68.30569873,63.58243233,0.726656369,1.453312739,0,2.543297293,18.16640924,11.9898301,0,5.813250956,0,0,0.363328185
311411,"Frozen Fruit, Juice, and Vegetable Manufacturing",5617.937811,3860.378655,1849.566855,2010.8118,1258.996066,1204.75794,0,0,0,54.23812578,498.5630904,433.9050062,0,54.23812578,10.41995836,0,0
311421,Fruit and Vegetable Canning,5139.30135,3467.544976,1776.216498,1691.328478,1201.574221,1149.332559,0,0,0,52.24166171,470.1821538,417.9332937,0,52.24166171,0.007198395,0,0
311422,Specialty Canning,1313.834764,886.6937765,459.5904337,427.1033428,307.0087609,293.6617814,0,0,0,13.34697946,120.1322262,106.7758357,0,13.34697946,0.009411089,0,0
311423,Dried and Dehydrated Food Manufacturing,1129.588119,760.6974978,391.8744686,368.8230292,265.0915523,253.5658326,0,0,0,11.52571966,103.7990693,92.20575731,0,11.52571966,0.067592374,0,0
311511,Fluid Milk Manufacturing,644.9022552,449.6828211,148.4543091,301.228512,157.1869155,139.7217026,0,8.732606415,0,8.732606415,38.03251865,26.19781925,0,8.732606415,3.102092984,0,0
311513,Cheese Manufacturing,2818.020238,1869.35482,805.2475777,1064.107243,760.0544847,675.6039864,0,42.22524915,0,42.22524915,168.9009966,126.6757475,0,42.22524915,0,0,0
311514,"Dry, Condensed, and Evaporated Dairy Product Manufacturing",2219.123725,1443.689945,597.9134105,845.7765343,633.0847876,562.7420334,0,35.17137709,0,35.17137709,142.3489926,105.5141313,0,35.17137709,1.663484237,0,0
311611,Animal (except Poultry) Slaughtering,6833.574869,4681.494498,2255.10792,2426.386579,1399.966575,1250.034461,49.97737148,49.97737148,0,49.97737148,752.1137954,449.7963434,0,299.8642289,2.45322318,0,0
311612,Meat Processed from Carcasses,614.5951133,402.9368139,217.6371602,185.2996537,135.4186775,120.9095334,4.836381338,4.836381338,0,4.836381338,76.23962194,43.52743204,0,29.01828803,3.693901871,0,0
311613,Rendering and Meat Byproduct Processing,5985.701666,3905.38599,2100.169924,1805.216065,1306.795789,1167.235515,46.52009146,46.52009146,0,46.52009146,723.4181574,418.6808232,0,279.1205488,25.61678548,0,0
311615,Poultry Processing,3123.216001,2077.391698,1126.79934,950.5923585,685.9307506,614.8493627,23.69379595,23.69379595,0,23.69379595,359.8935521,213.2441636,0,142.1627757,4.486612737,0,0
311711,Seafood Canning,167.1184093,70.69922932,5.671716473,65.02751285,39.7020153,13.2340051,13.2340051,0,0,13.2340051,56.71716473,0,0,0,28.35858236,11.34343295,17.01514942
311712,Fresh and Frozen Seafood Processing,208.2354852,37.60555113,10.03705495,27.56849619,70.25938463,23.41979488,23.41979488,0,0,23.41979488,100.3705495,0,0,0,50.18527474,20.0741099,30.11116484
311821,Cookie and Cracker Manufacturing,134.5106272,78.5429187,38.56598403,39.97693467,44.20978657,41.15272686,0.470316878,0.940633757,0,1.646109074,11.75792196,7.760228494,0,3.762535027,0,0,0.235158439
311911,Roasted Nuts and Peanut Butter Manufacturing,144.2329029,84.21991181,41.35348963,42.86642218,47.40521982,44.1271993,0.504310849,1.008621698,0,1.765087972,12.60777123,8.321129011,0,4.034486793,0,0,0.252155425
311919,Other Snack Food Manufacturing,1385.947068,846.0917355,379.7374904,466.3542451,428.3399339,398.8722005,4.437901171,8.86100877,0,16.16882349,111.5153985,73.10332235,0,35.44403508,0.082277243,0.661001454,2.224762345
311920,Coffee and Tea Manufacturing,654.0617812,382.3426099,177.3848335,204.9577764,208.7251764,190.4467386,4.297178308,4.304036076,0,9.677223403,62.99399497,35.50829763,0,17.2161443,4.596772008,1.838708803,3.834072224
311941,"Mayonnaise, Dressing, and Other Prepared Sauce Manufacturing",136.9630135,79.97490651,39.26911577,40.70579074,45.01581564,41.90301988,0.478891656,0.957783311,0,1.676120795,11.97229139,7.901712319,0,3.831133246,0,0,0.239445828
311942,Spice and Extract Manufacturing,2730.558311,1905.655654,633.9365604,1271.719094,667.9075123,622.9571589,6.110236935,12.08779403,0,26.75232242,156.9140823,99.72430074,0,48.35117612,0.142156972,5.589205742,3.107242691
311991,Perishable Prepared Food Manufacturing,195.1177094,113.9323688,55.94283975,57.98952901,64.12959678,59.69510339,0.682229753,1.364459506,0,2.387804136,17.05574383,11.25679092,0,5.457838024,0,0,0.341114877
311999,All Other Miscellaneous Food Manufacturing,1676.00032,1034.899972,510.9742118,523.92576,509.2931852,474.8511183,5.433809972,10.47753197,0,18.53072493,131.8071632,86.43963872,0,41.91012786,0.420062243,0.167180562,2.870153835
312120,Breweries,4121.379893,2589.324092,631.8404856,1957.483606,1275.601274,1275.601274,0,0,0,0,237.211449,236.9401821,0,0,0.271266905,0,0
312130,Wineries,175.2382573,122.0991471,38.64662556,83.45252159,38.64662556,38.64662556,0,0,0,0,14.49248459,14.49248459,0,0,0,0,0
312140,Distilleries,2509.535232,1458.423501,503.9120853,954.5114159,684.784455,684.784455,0,0,0,0,342.8019309,188.967032,0,0,153.834899,0,0
312221,Cigarette Manufacturing,249.7191084,249.417161,98.64866196,150.7684991,0,0,0,0,0,0,0,0,0,0,0,0,0
312229,Other Tobacco Product Manufacturing,570.5618782,560.2243582,193.6119849,366.6123733,0,0,0,0,0,0,0,0,0,0,0,0,0
313210,Broadwoven Fabric Mills,731.1355476,563.5199484,364.8087305,198.7112179,149.4129351,149.4129351,0,0,0,0,18.20266404,18.20266404,0,0,0,0,0
313230,Nonwoven Fabric Mills,510.7341023,294.4067668,138.5443608,155.8624059,181.6912453,173.180451,0,8.510794291,0,0,34.63609021,34.63609021,0,0,0,0,0
313311,Broadwoven Fabric Finishing Mills,1025.291932,757.3527207,472.7131816,284.6395391,230.9815651,230.9815651,0,0,0,0,31.44974026,31.44974026,0,0,0,0,0
313312,Textile and Fabric Finishing (except Broadwoven Fabric) Mills,407.3606771,251.1393718,127.8852968,123.2540751,130.2092938,128.0877372,0,2.121556599,0,0,23.39286273,23.39286273,0,0,0,0,0
314110,Carpet and Rug Mills,1069.550459,423.9120956,211.9560478,211.9560478,317.9340717,317.9340717,0,0,0,0,105.9780239,105.9780239,0,0,0,0,0
321113,Sawmills,4137.756248,4011.162299,0,4011.162299,126.5939486,126.5939486,0,0,0,0,0,0,0,0,0,0,0
321211,Hardwood Veneer and Plywood Manufacturing,76.32505399,76.32505399,0,76.32505399,0,0,0,0,0,0,0,0,0,0,0,0,0
321212,Softwood Veneer and Plywood Manufacturing,0.069594747,0.014651526,0.003662881,0.010988644,0.05128034,0.047617458,0,0.003662881,0,0,0.003662881,0.003662881,0,0,0,0,0
321219,Reconstituted Wood Product Manufacturing,5333.039733,3173.719892,128.5783292,3045.141563,1800.096608,1671.518279,0,128.5783292,0,0,128.5957645,128.5783292,0,0,0.01743528,0,0
322110,Pulp Mills,41994.61893,30575.7963,607.6512787,29968.14502,4936.233728,4936.233728,0,0,0,0,0,0,0,0,0,0,0
322121,Paper (except Newsprint) Mills,115804.1241,98225.61485,6953.974969,91271.63988,16560.04527,14834.31136,0,1256.318282,0,469.4156257,953.9652132,753.7909693,0,0,121.4810374,78.69320651,0
322122,Newsprint Mills,5015.926481,4519.335323,260.0831766,4259.252146,489.9576942,489.9576942,0,0,0,0,0,0,0,0,0,0,0
322130,Paperboard Mills,89653.92354,80308.35848,3422.765216,76885.59326,8441.416973,7363.46961,0,862.3578902,0,215.5894726,903.8110615,431.1789451,0,0,41.45317126,431.1789451,0
322213,Setup Paperboard Box Manufacturing,676.237239,417.2157773,86.9199536,330.2958237,229.4686775,208.6078886,0,17.38399072,0,3.476798144,29.55278422,24.33758701,0,1.738399072,0,3.476798144,0
322222,Coated and Laminated Paper Manufacturing,437.0440105,269.6351868,56.17155367,213.4636331,148.2987663,134.8175934,0,11.23431073,0,2.246862147,19.11005744,15.72803503,0,1.123431073,0.011729189,2.246862147,0
322291,Sanitary Paper Product Manufacturing,1858.571132,1395.585556,152.043024,1243.542532,404.6927048,368.2023791,0,30.4086048,0,6.081720959,58.29287123,42.57204672,0,3.04086048,6.598243072,6.081720959,0
322299,All Other Converted Paper Product Manufacturing,136.8008135,85.86783885,19.08831554,66.77952332,45.27573476,41.70836718,0,2.972806319,0,0.594561264,5.657239877,4.161928847,0,0.297280632,0,1.198030398,0
323111,Commercial Printing (except Screen and Books) ,379.391443,91.72085468,34.3953205,57.32553417,183.4417094,137.581282,34.3953205,11.46510683,0,0,103.1859615,103.1859615,0,0,0,0,0
324110,Petroleum Refineries,623903.5174,485841.6755,414164.5991,71677.07641,132288.4106,113433.1775,1763.459478,10310.25842,0,6676.843227,4870.483797,727.3824627,209.3439553,52.33598881,283.9805232,3492.76889,52.33598881
324121,Asphalt Paving Mixture and Block Manufacturing,946.3543533,368.8617969,295.1975783,73.6642186,555.6652428,516.7335358,0,35.98753509,0,2.464624706,21.8273136,18.13037655,0,0,3.696937059,0,0
324191,Petroleum Lubricating Oil and Grease Manufacturing,609.2865405,205.6255822,70.38191068,135.2436715,390.5506024,356.0496658,4.140112393,11.04029971,0,19.3205245,13.11035591,2.070056196,0,0.690018732,0,10.35028098,0
324199,All Other Petroleum and Coal Products Manufacturing,16082.11831,12070.45973,10430.28947,1640.170263,3949.330072,3187.753458,0,-82.61354804,0,761.5766139,0,0,0,0,0,0,0
325110,Petrochemical Manufacturing,80577.93641,47207.33454,2480.766975,44726.56756,33085.85915,25076.6439,767.9549821,7189.879353,122.7624504,174.1433604,235.5245856,61.38122519,0,0,0,0,174.1433604
325120,Industrial Gas Manufacturing,18379.17137,5968.391957,795.7855943,5172.606363,4376.820768,1193.678391,0,0,0,3183.142377,0,0,0,0,0,0,0
325131,Inorganic Dye and Pigment Manufacturing,4623.325446,2890.432396,749.504441,2140.927955,1659.150873,1382.671142,19.81261355,150.7683329,1.177247989,104.6863948,73.74217712,55.51350023,0.316275579,8.645515913,2.756392171,2.13502268,4.287616225
325132,Synthetic Organic Dye and Pigment Manufacturing,184.798355,103.7154813,31.35342877,72.36205249,77.86447542,64.78324355,0.934373705,7.059712438,0,5.087145728,3.218398317,2.491663213,0,0.415277202,0,0.103819301,0.207638601
325181,Alkalies and Chlorine Manufacturing,71664.81132,40049.92694,2985.635056,37064.29188,31609.63319,10092.4702,0,21517.16299,0,0,0,0,0,0,0,0,0
325182,Carbon Black Manufacturing,991.2622779,0,0,0,991.2622779,793.0098224,0,198.2524556,0,0,0,0,0,0,0,0,0
325188,All Other Basic Inorganic Chemical Manufacturing,14692.92413,6194.167594,2167.35308,4026.814514,8177.373023,7930.059187,3.170690198,183.9000315,53.90173336,0,285.4766287,275.9645581,3.170690198,0,0,0,0
325191,Gum and Wood Chemical Manufacturing,882.7773232,493.9411478,149.6281346,344.3130132,371.2157433,308.3332761,4.435857994,34.29582673,0,24.15078241,17.62043209,11.82895465,0,1.971492442,2.341365668,0.49287311,0.985746221
325192,Cyclic Crude and Intermediate Manufacturing,8211.397187,4906.794769,3030.750887,1876.043882,3180.067028,3118.583911,17.56660482,43.91651204,0,0,8.783302408,8.783302408,0,0,0,0,0
325193,Ethyl Alcohol Manufacturing,98748.95788,58407.90559,28616.23409,29791.6715,39171.88601,35705.93161,2.024977378,18.2247964,0,3443.679648,1149.918194,766.2746328,1.012488689,382.631072,0,0,0
325199,All Other Basic Organic Chemical Manufacturing,123348.0758,87775.68457,14036.26926,73739.41531,33676.3168,24342.76385,1291.664452,2855.163168,-291.901789,5361.866407,1687.556012,954.1532497,116.7607156,337.5112025,0,279.1308447,0
325211,Plastics Material and Resin Manufacturing,78984.56431,63532.6354,17800.53179,45732.10361,14423.29882,11125.51282,327.3286558,1773.599197,263.8710764,903.6680669,776.752908,449.4242522,58.63801698,210.0526219,0,0,0
325212,Synthetic Rubber Manufacturing,5902.439177,5432.235196,1675.483106,3756.75209,405.7858778,101.4464694,0,101.4464694,0,202.8929389,0,0,0,0,0,0,0
325221,Cellulosic Organic Fiber Manufacturing,3402.75299,2811.273004,514.7196977,2296.553306,557.313784,489.0816897,4.73940224,37.68927982,0,25.80341219,34.16620193,24.83861148,0,2.106400995,5.641388708,0.526600249,1.053200498
325222,Noncellulosic Organic Fiber Manufacturing,1113.928123,739.5553863,493.0369242,246.5184621,369.7776932,184.8888466,0,184.8888466,0,0,0,0,0,0,0,0,0
325311,Nitrogenous Fertilizer Manufacturing,41671.94973,13336.43919,8165.110715,5171.328475,28033.57524,26400.54907,0.000503552,816.5140928,0,816.5118268,272.1708607,272.1706089,0,0,0,0,0
325312,Phosphatic Fertilizer Manufacturing,4362.503092,456.8893883,304.5929255,152.2964628,3655.115107,3655.115107,0,0,0,0,230.3851973,0,0,0,230.3851973,0,0
325320,Pesticide and Other Agricultural Chemical Manufacturing,1966.94256,1188.259538,327.7916746,860.4678634,746.1690589,623.057792,8.765709672,66.62113788,0,47.72441933,32.51396284,24.52219425,0,3.895870966,1.173994405,0.973967741,1.947935483
325411,Medicinal and Botanical Manufacturing,1342.090322,1023.954266,616.4376726,407.516593,97.02622669,77.61953115,0.000671388,0.001074221,0,19.40494993,211.9504054,192.5449184,0.000402833,19.4050842,0,0,0
325412,Pharmaceutical Preparation Manufacturing,6887.509965,4494.823878,2363.935278,2130.8886,798.843853,532.4914111,0.03767166,0.0627861,0,266.2519842,876.8965168,876.8337307,0.02511444,0.01255722,0,0,0
325414,Biological Product (except Diagnostic) Manufacturing,1759.942986,1351.591254,604.6592451,746.9320086,177.8409544,142.2727635,0,0,0,35.56819089,213.4091453,177.8409544,0,35.56819089,0,0,0
325510,Paint and Coating Manufacturing,3.838757845,2.154448925,0.65129487,1.503154055,1.617454148,1.345721851,0.01940945,0.146649176,0,0.105673671,0.066854771,0.051758533,0,0.008626422,0,0.002156606,0.004313211
325611,Soap and Other Detergent Manufacturing,1313.46808,972.3177235,206.6751202,765.6426033,326.2009496,278.3214375,3.419965147,25.83973666,0,18.61981024,14.94940718,12.28943429,0,1.51998451,0,0.379996127,0.759992255
325612,Polish and Other Sanitation Good Manufacturing,231.8511463,145.8911141,25.93017566,119.9609385,81.74616122,63.35052348,1.425178551,10.92234517,1.02264463,4.994942681,4.213870972,2.859236054,0.274740348,0.494346587,0.191893013,0.100691618,0.216646588
325613,Surface Active Agent Manufacturing,828.366836,474.9381888,131.9699585,342.9682304,338.9704347,279.0610399,4.349900524,32.96397426,0.649776854,21.92634684,14.45821237,11.00168141,0.174566916,1.84492809,0.038792648,0.44668478,0.903067721
325920,Explosives Manufacturing,1421.552367,1299.033031,206.4266046,1092.606426,112.2224833,107.6269726,0.269620996,2.857953175,0,1.467936532,10.16902433,7.496868823,0,0.119831554,2.462450292,0.029957888,0.059915777
325992,"Photographic Film, Paper, Plate, and Chemical Manufacturing",374.1844112,301.5339684,180.9203811,120.6135874,60.30679369,60.30679369,0,0,0,0,0,0,0,0,0,0,0
325998,All Other Miscellaneous Chemical Product and Preparation Manufacturing,4428.200026,3171.124896,702.7571259,2468.36777,1200.620015,1018.049373,13.01638771,98.9300564,0.145103958,70.47476187,56.45511482,43.80659034,0.038983153,5.765328992,2.516966995,1.438083652,2.878333035
326113,Unlaminated Plastics Film and Sheet (except Packaging) Manufacturing,2050.033382,1111.466967,318.1510018,793.3159652,578.7826224,531.8543017,15.64277358,15.64277358,0,15.64277358,359.7837923,328.4982452,0,15.64277358,0,0,15.64277358
326121,Unlaminated Plastics Profile Shape Manufacturing,462.1020001,267.1642494,64.76942581,202.3948236,119.8234377,110.1080239,3.23847129,3.23847129,0,3.23847129,74.48483968,68.0078971,0,3.23847129,0,0,3.23847129
326130,"Laminated Plastics Plate, Sheet (except Packaging), and Shape Manufacturing",157.1001826,60.07169544,27.30531611,32.76637933,50.5148348,46.41903739,1.365265805,1.365265805,0,1.365265805,31.40111353,28.67058191,0,1.365265805,0,0,1.365265805
326140,Polystyrene Foam Product Manufacturing,530.7069462,224.6519393,102.1241361,122.5278032,188.7339209,173.4311706,5.100916782,5.100916782,0,5.100916782,117.321086,107.1192524,0,5.100916782,0,0,5.100916782
326211,Tire Manufacturing (except Retreading),4368.165299,1859.001195,846.1467507,1012.854444,1542.046165,1417.015395,41.67692337,41.67692337,0,41.67692337,958.5692376,875.2153908,0,41.67692337,0,0,41.67692337
326291,Rubber Product Manufacturing for Mechanical Use,85.81363652,36.3057693,16.50262241,19.80314689,30.52985146,28.05445809,0.82513112,0.82513112,0,0.82513112,18.97801577,17.32775353,0,0.82513112,0,0,0.82513112
327111,Vitreous China Plumbing Fixture and China and Earthenware Bathroom Accessories Manufacturing,156.709142,5.891321129,1.767396339,4.12392479,140.802575,138.4460465,0.589132113,1.178264226,0,0.589132113,10.01524592,9.426113806,0,0.589132113,0,0,0
327121,Brick and Structural Clay Tile Manufacturing,1027.072459,0,0,0,964.2169862,964.2169862,0,0,0,0,0,0,0,0,0,0,0
327122,Ceramic Wall and Floor Tile Manufacturing,1693.278088,63.59353897,19.07806169,44.51547728,1519.885581,1494.448166,6.359353897,12.71870779,0,6.359353897,108.1090163,101.7496624,0,6.359353897,0,0,0
327125,Nonclay Refractory Manufacturing,859.5776474,8.754805655,2.626441696,6.128363958,830.1361989,820.1859731,0.875480565,8.199264679,0,0.875480565,20.68664281,14.00768905,0,0.875480565,5.803473193,0,0
327211,Flat Glass Manufacturing,12556.16564,0,0,0,12251.70992,12251.70992,0,0,0,0,298.8221931,298.8221931,0,0,0,0,0
327212,Other Pressed and Blown Glass and Glassware Manufacturing,4577.451812,175.956232,0,175.956232,4222.949568,4222.949568,0,0,0,0,175.956232,175.956232,0,0,0,0,0
327213,Glass Container Manufacturing,12592.82253,0,0,0,12029.25166,12029.25166,0,0,0,0,546.7841662,546.7841662,0,0,0,0,0
327215,Glass Product Manufacturing Made of Purchased Glass,730.7023065,0,0,0,547.1505833,547.1505833,0,0,0,0,182.3835278,182.3835278,0,0,0,0,0
327310,Cement Manufacturing,7992.627228,0,0,0,6348.394136,6348.394136,0,0,0,0,46.4887972,0,0,0,46.4887972,0,0
327390,Other Concrete Product Manufacturing,330.9881958,12.44316526,3.732949577,8.71021568,297.3916497,292.4143835,1.244316526,2.488633051,0,1.244316526,21.15338094,19.90906441,0,1.244316526,0,0,0
327410,Lime Manufacturing,30932.60876,0,0,0,24989.84567,24942.71621,0,47.1294645,0,0,11.78236612,0,0,0,11.78236612,0,0
327420,Gypsum Product Manufacturing,13108.53267,0,0,0,12418.45936,12073.50216,0,344.9572045,0,0,689.9144091,689.9144091,0,0,0,0,0
327910,Abrasive Product Manufacturing,308.2892617,11.58982187,3.47694656,8.112875308,276.9967426,272.3608139,1.158982187,2.317964374,0,1.158982187,19.70269718,18.54371499,0,1.158982187,0,0,0
327992,Ground or Treated Mineral and Earth Manufacturing,4291.957724,120.1451677,36.04355031,84.10161739,3927.576283,3875.258271,12.01451677,28.2889782,0,12.01451677,209.6380737,192.2322683,0,12.01451677,5.391288589,0,0
327993,Mineral Wool Manufacturing,4594.898641,178.4804684,0,178.4804684,3748.089837,3748.089837,0,0,0,0,356.9609368,356.9609368,0,0,0,0,0
327999,All Other Miscellaneous Nonmetallic Mineral Product Manufacturing,636.2867198,12.97312024,3.891936072,9.081184168,601.0765643,595.684282,1.297312024,2.797658264,0,1.297312024,22.2370352,20.75699238,0,1.297312024,0.182730794,0,0
331111,Iron and Steel Mills,133667.2167,57083.35042,5215.4812,51867.86922,72095.96619,67062.4073,529.3909489,1588.172847,0,2915.99509,4247.886174,3441.041168,0,529.3909489,12.62056722,0,264.83349
331112,Electrometallurgical Ferroalloy Product Manufacturing,613.2290661,0,0,0,613.2274811,613.2274811,0,0,0,0,0,0,0,0,0,0,0
331210,Iron and Steel Pipe and Tube Manufacturing from Purchased Steel,2503.240182,294.498845,147.2494225,147.2494225,1766.99307,1766.99307,0,0,0,0,441.7482675,441.7482675,0,0,0,0,0
331221,Rolled Steel Shape Manufacturing,4781.107203,562.4828713,281.2414356,281.2414356,3374.897228,3374.897228,0,0,0,0,843.7243069,843.7243069,0,0,0,0,0
331311,Alumina Refining,7413.129466,998.2917789,221.8426175,776.4491613,5989.750673,5605.792297,0,383.9583765,0,0,425.0870138,307.1667012,0,76.7916753,41.1286373,0,0
331312,Primary Aluminum Production,21148.34934,538.8920412,119.7537869,419.1382543,3233.352247,3026.086078,0,207.2661697,0,0,207.2661697,165.8129358,0,41.45323394,0,0,0
331314,Secondary Smelting and Alloying of Aluminum,5252.603966,374.3751942,0,374.3751942,4866.877524,4866.877524,0,0,0,0,0,0,0,0,0,0,0
331315," Aluminum Sheet, Plate, and Foil Manufacturing",6186.129155,154.2629005,154.2629005,0,5707.727318,5707.727318,0,0,0,0,308.525801,308.525801,0,0,0,0,0
331316,Aluminum Extruded Product Manufacturing,1198.536146,0,0,0,0,0,0,0,0,0,1196.132642,1196.132642,0,0,0,0,0
331319,Other Aluminum Rolling and Drawing,216.8681735,29.1737081,6.483046244,22.69066185,175.0422486,163.8215916,0,11.22065696,0,0,11.22065696,8.976525569,0,2.244131392,0,0,0
331411,Primary Smelting and Refining of Copper,1045.377148,191.696396,85.19839822,106.4979978,766.785584,702.8867853,0,0,0,63.89879867,85.19839822,85.19839822,0,0,0,0,0
331419,Primary Smelting and Refining of Nonferrous Metal (except Copper and Aluminum),4373.826363,362.7524901,0,362.7524901,3990.277391,2902.019921,0,0,0,1088.25747,0,0,0,0,0,0,0
331421,"Copper Rolling, Drawing, and Extruding",333.9387922,61.33569652,27.26030956,34.07538696,245.3427861,224.8975539,0,0,0,20.44523217,27.26030956,27.26030956,0,0,0,0,0
331423,"Secondary Smelting, Refining, and Alloying of Copper",292.062639,53.64415818,23.84184808,29.8023101,214.5766327,196.6952466,0,0,0,17.88138606,23.84184808,23.84184808,0,0,0,0,0
331491,"Nonferrous Metal (except Copper and Aluminum) Rolling, Drawing, and Extruding",1120.790253,205.8594342,91.49308185,114.3663523,823.4377367,754.8179253,0,0,0,68.61981139,91.49308185,91.49308185,0,0,0,0,0
331492,"Secondary Smelting, Refining, and Alloying of Nonferrous Metal (except Copper and Aluminum)",1885.177234,309.7130874,135.7393792,173.9737083,1376.582729,1274.778194,0,0,0,101.8045344,135.7393792,135.7393792,0,0,0,0,0
331511,Iron Foundries,6799.127785,0,0,0,2121.443658,1885.727696,0,0,0,235.715962,942.8638478,942.8638478,0,0,0,0,0
331513,Steel Foundries (except Investment),378.9981886,16.81863222,8.40931611,8.40931611,277.5074316,269.0981155,0,0,0,8.40931611,84.0931611,75.68384499,0,8.40931611,0,0,0
331521,Aluminum Die-Casting Foundries,630.2820604,0,0,0,504.2256483,504.2256483,0,0,0,0,126.0564121,126.0564121,0,0,0,0,0
331522,Nonferrous (except Aluminum) Die-Casting Foundries,6.168524836,0.274156659,0.13707833,0.13707833,4.52358488,4.38650655,0,0,0,0.13707833,1.370783297,1.233704967,0,0.13707833,0,0,0
331524,Aluminum Foundries (except Die-Casting),503.0004494,0,0,0,431.1432423,431.1432423,0,0,0,0,71.85720705,71.85720705,0,0,0,0,0
331528,Other Nonferrous Foundries (except Die-Casting),161.0729545,7.13911993,3.569559965,3.569559965,117.7954788,114.2259189,0,0,0,3.569559965,35.73839534,32.12603968,0,3.569559965,0.042795688,0,0
332111,Iron and Steel Forging,1456.995293,209.5678161,109.773618,99.79419814,938.0654625,918.1066229,0,9.979419814,0,9.979419814,309.3620142,289.4031746,0,19.95883963,0,0,0
332112,Nonferrous Forging,1250.388755,179.8503032,94.20730168,85.64300152,805.0444008,787.9158005,0,8.564300152,0,8.564300152,265.4940506,248.3648909,0,17.1286003,0.000559385,0,0
332211,Cutlery and Flatware (except Precious) Manufacturing,305.6333894,43.94757297,23.02015727,20.9274157,196.7177076,192.5322244,0,2.09274157,0,2.09274157,64.96810891,60.73606565,0,4.18548314,0.046560123,0,0
332510,Hardware Manufacturing,115.0577909,16.54940828,8.66873767,7.880670609,74.07830373,72.5021696,0,0.788067061,0,0.788067061,24.43007889,22.85394477,0,1.576134122,0,0,0
332811,Metal Heat Treating,179.9582061,25.8843995,13.55849498,12.32590453,115.8635025,113.3983216,0,1.232590453,0,1.232590453,38.21030403,35.74512313,0,2.465180905,0,0,0
332812,"Metal Coating, Engraving (except Jewelry and Silverware), and Allied Services to Manufacturers",794.1158265,114.2221394,59.83064446,54.39149496,511.2800527,500.4017537,0,5.439149496,0,5.439149496,168.6136344,157.7353354,0,10.87829899,0,0,0
332813,"Electroplating, Plating, Polishing, Anodizing, and Coloring",1091.387577,156.9804049,82.22783114,74.75257377,702.6741934,687.7236786,0,7.475257377,0,7.475257377,231.7329787,216.7824639,0,14.95051475,0,0,0
332991,Ball and Roller Bearing Manufacturing,50.30816432,7.236105827,3.790341148,3.44576468,32.39018799,31.70103505,0,0.344576468,0,0.344576468,10.68187051,9.992717571,0,0.689152936,0,0,0
332992,Small Arms Ammunition Manufacturing,353.1924633,50.57758482,26.49302062,24.0845642,226.5340972,221.7171843,0,2.40845642,0,2.40845642,76.08078132,70.41535866,0,4.81691284,0.848509826,0,0
332995,Other Ordnance and Accessories Manufacturing,189.3863488,6.824098572,3.574527823,3.249570749,30.62499121,29.97507706,0,0.324957075,0,0.324957075,11.34633687,9.981062778,0,0.64991415,0.715359947,0,0
332996,Fabricated Pipe and Pipe Fitting Manufacturing,315.9888709,45.45045404,23.80738069,21.64307335,203.4448895,199.1162748,0,2.164307335,0,2.164307335,67.09352739,62.76491272,0,4.328614671,0,0,0
332999,All Other Miscellaneous Fabricated Metal Product Manufacturing,322.8356684,46.43526737,24.32323529,22.11203208,207.8531016,203.4306952,0,2.211203208,0,2.211203208,68.54729945,64.12489304,0,4.422406416,0,0,0
333111,Farm Machinery and Equipment Manufacturing,409.2203663,27.20960482,13.60480241,13.60480241,136.3111383,126.9781558,0,4.62263888,0,4.710343623,154.1877606,149.6528265,0,4.534934137,0,0,0
333120,Construction Machinery Manufacturing,1207.811693,102.5468648,51.27343241,51.27343241,516.9025448,478.5520358,0,18.48055105,0,19.86995797,588.3622838,564.0077565,0,17.09114414,7.263383149,0,0
333315,Photographic and Photocopying Equipment Manufacturing,211.3498555,18.1157019,9.057850949,9.057850949,90.57850949,84.53994219,0,3.01928365,0,3.01928365,102.6556441,99.63636044,0,3.01928365,0,0,0
333415,Air-Conditioning and Warm Air Heating Equipment and Commercial and Industrial Refrigeration Equipment Manufacturing,323.8380968,26.70909077,13.35454538,13.35454538,145.7774917,124.6424236,0,8.528861078,0,12.60620703,151.3515143,146.8999992,0,4.451515128,0,0,0
333511,Industrial Mold Manufacturing,238.3282659,7.563433962,3.781716981,3.781716981,37.81716981,35.29602515,0,1.260572327,0,1.260572327,42.85945912,41.59888679,0,1.260572327,0,0,0
333516,Rolling Mill Machinery and Equipment Manufacturing                                  ,173.8946257,14.90525363,7.452626816,7.452626816,74.52626816,69.55785028,0,2.484208939,0,2.484208939,84.46310391,81.97889497,0,2.484208939,0,0,0
333611,Turbine and Turbine Generator Set Units Manufacturing,582.2865003,48.92359183,24.46179592,24.46179592,254.7811425,228.3100952,0,11.54165976,0,14.92938754,277.233687,269.0797551,0,8.153931972,0,0,0
333612,"Speed Changer, Industrial High-Speed Drive, and Gear Manufacturing",149.4337293,12.80860537,6.404302685,6.404302685,64.04302685,59.77349172,0,2.134767562,0,2.134767562,72.58209709,70.44732953,0,2.134767562,0,0,0
333618,Other Engine Equipment Manufacturing,765.5112729,49.70726655,24.85363328,24.85363328,418.8635666,231.9672439,0,65.06028905,0,121.8360337,282.0064123,273.389966,0,8.284544425,0.331901864,0,0
333992,Welding and Soldering Equipment Manufacturing,169.167154,14.50004177,7.250020885,7.250020885,72.50020885,67.6668616,0,2.416673628,0,2.416673628,82.16690337,79.75022974,0,2.416673628,0,0,0
334119,Other Computer Peripheral Equipment Manufacturing,61.24957006,22.33473546,17.86778837,4.466947092,8.933894184,7.44491182,0,0,0,1.488982364,28.29066492,26.80168255,0,1.488982364,0,0,0
334411,Electron Tube Manufacturing,2309.370207,866.0138277,692.8110622,173.2027655,346.4055311,288.6712759,0,0,0,57.73425518,1096.950848,1039.216593,0,57.73425518,0,0,0
334413,Semiconductor and Related Device Manufacturing,3901.688866,2048.792433,1821.148829,227.6436037,682.930811,455.2872074,0,0,0,227.6436037,1138.218018,1138.218018,0,0,0,0,0
335110,Electric Lamp Bulb and Part Manufacturing,176.7049278,35.34098557,20.1948489,15.14613667,95.92553226,95.92553226,0,0,0,0,45.43841002,40.38969779,0,5.048712224,0,0,0
335222,Household Refrigerator and Home Freezer Manufacturing,161.1875087,32.23750175,18.42142957,13.81607218,87.50179045,87.50179045,0,0,0,0,41.44821653,36.84285914,0,4.605357392,0,0,0
335224,Household Laundry Equipment Manufacturing,281.0688784,56.21377567,32.12215753,24.09161815,152.5802483,152.5802483,0,0,0,0,72.27485444,64.24431505,0,8.030539382,0,0,0
335311,"Power, Distribution, and Specialty Transformer Manufacturing",1.817748499,0.3635497,0.207742686,0.155807014,0.986777757,0.986777757,0,0,0,0,0.467421043,0.415485371,0,0.051935671,0,0,0
335313,Switchgear and Switchboard Apparatus Manufacturing,51.48133291,10.29626658,5.883580904,4.412685678,27.94700929,27.94700929,0,0,0,0,13.23805703,11.76716181,0,1.470895226,0,0,0
335929,Other Communication and Energy Wire Manufacturing,174.797832,31.91129018,18.23502296,13.67626722,86.61635906,86.61635906,0,0,0,0,56.27018276,36.47004592,0,4.55875574,15.2413811,0,0
335991,Carbon and Graphite Product Manufacturing,1004.811364,200.943342,114.8247668,86.11857514,545.4176425,545.4176425,0,0,0,0,258.3557254,229.6495337,0,28.70619171,0,0,0
336111,Automobile Manufacturing,6933.699554,1514.184036,1075.090789,439.0932469,3597.300035,3526.838318,14.09234329,56.36937316,0,0,1812.742361,1345.464427,28.18468658,439.0932469,0,0,0
336112,Light Truck and Utility Vehicle Manufacturing,6642.759822,1501.154644,602.7543271,898.4003173,3624.167527,3297.955279,3.82078231,19.10391155,0,303.2875547,1516.437774,1504.975427,3.82078231,0,0,0,0
336211,Motor Vehicle Body Manufacturing,269.098582,62.43087101,27.98625252,34.44461849,109.7922214,92.56991219,0,0,0,17.22230925,96.8754895,88.26433488,0,6.458365967,0,2.152788656,0
336312,Gasoline Engine and Engine Parts Manufacturing,239.6846378,77.67230056,51.1674396,26.50486096,85.97583007,71.23181382,0,1.491585771,0,13.25243048,76.03650721,67.9187062,0,4.96966143,1.491585771,1.65655381,0
336330,Motor Vehicle Steering and Suspension Components (except Spring) Manufacturing,349.8251463,142.8753447,108.3837111,34.49163361,109.9420821,92.69626532,0,0,0,17.2458168,97.00771952,88.38481112,0,6.467181301,0,2.1557271,0
336350,Motor Vehicle Transmission and Power Train Parts Manufacturing,934.8536099,210.006805,94.14098156,115.8658235,384.1482443,311.3894005,0,14.82593204,0,57.93291173,340.6985605,296.9061726,0,21.7248419,14.82593204,7.241613966,0
336370,Motor Vehicle Metal Stamping,100.4368184,23.30134187,10.44542911,12.85591275,40.9782219,34.55026552,0,0,0,6.427956377,36.15725462,32.94327643,0,2.410483641,0,0.803494547,0
336399,All Other Motor Vehicle Parts Manufacturing,1009.858724,233.2654754,104.5672821,128.6981933,412.3046326,345.8763945,0,2.079141436,0,64.34909665,364.0428101,329.7891203,0,24.13091124,2.079141436,8.043637081,0
336411,Aircraft Manufacturing,2073.140392,1131.261684,678.7570107,452.5046738,226.2523369,226.2523369,0,0,0,0,678.7570107,678.7570107,0,0,0,0,0
336412,Aircraft Engine and Engine Parts Manufacturing,1846.794275,569.296699,284.6483495,284.6483495,238.2941166,212.6466142,4.663182256,16.3211379,2.331591128,2.331591128,446.2775485,386.9607695,13.98954677,45.32723219,0,0,0
336413,Other Aircraft Parts and Auxiliary Equipment Manufacturing,848.569115,405.0261541,202.5130771,202.5130771,145.1526545,144.785653,0.066727549,0.233546422,0.033363775,0.033363775,289.87158,260.6742302,0.200182647,28.99716713,0,0,0
336414,Guided Missile and Space Vehicle Manufacturing,150.1136589,72.46866293,36.23433147,36.23433147,25.88166533,25.88166533,0,0,0,0,51.76333067,46.5869976,0,5.176333067,0,0,0
336415,Guided Missile and Space Vehicle Propulsion Unit and Propulsion Unit Parts Manufacturing,434.3692899,147.174757,73.58737849,73.58737849,52.56241321,52.56241321,0,0,0,0,105.1248264,94.61234377,0,10.51248264,0,0,0
336510,Railroad Rolling Stock Manufacturing,484.7243981,105.6407203,47.35618495,58.28453532,200.4701893,156.6396887,0,14.68823295,0,29.14226766,178.6134885,149.3541218,0,10.92835037,14.68823295,3.642783457,0
336611,Ship Building and Repairing,613.3177565,308.0498621,262.7443979,45.30546417,161.1287217,121.758435,0,16.71755469,0,22.65273208,144.1391727,116.0952519,0,8.494774531,16.71755469,2.83159151,0
336992,"Military Armored Vehicle, Tank, and Tank Component Manufacturing",103.3386818,41.51390307,31.22437945,10.28952362,32.84167506,27.65309474,0,0.043818505,0,5.144761812,28.9831037,26.36690429,0,1.929285679,0.043818505,0.643095226,0
337214,Office Furniture (except Wood) Manufacturing,135.8614209,5.409012328,0,5.409012328,27.04506164,27.04506164,0,0,0,0,32.45407397,32.45407397,0,0,0,0,0
339999,All Other Miscellaneous Manufacturing,1129.380724,420.4390554,210.2195277,210.2195277,280.2927036,280.2927036,0,0,0,0,420.4390554,420.4390554,0,0,0,0,0
